﻿<?xml version="1.0" encoding="utf-8"?>
<deployment>
  <id>6cc3d88a-fa7f-44fd-9d0c-acbf9dfca71b</id>
  <author>N/A</author>
  <deployer>Push-Deployer</deployer>
  <authorEmail>N/A</authorEmail>
  <message>Created via a push deployment</message>
  <progress></progress>
  <status>Success</status>
  <statusText></statusText>
  <lastSuccessEndTime>2026-02-13T04:48:05.7176399Z</lastSuccessEndTime>
  <receivedTime>2026-02-13T04:45:43.8413298Z</receivedTime>
  <startTime>2026-02-13T04:45:45.3675288Z</startTime>
  <endTime>2026-02-13T04:48:05.7176399Z</endTime>
  <complete>True</complete>
  <is_temp>False</is_temp>
  <is_readonly>True</is_readonly>
  <containerId>92bc2d625388</containerId>
  <buildSummary />
</deployment>