<step title="Incoming Request" date="2026-02-13T04:45:37.308" instance="bb4b2b" url="/api/zipdeploy?isAsync=true" method="POST" type="request" pid="768,1,5" Accept="*/*" Host="cybervantage-260213101228.scm.azurewebsites.net" User-Agent="AZURECLI/2.83.0 (DEB)" Accept-Encoding="gzip, deflate" Authorization="Bea..." Cache-Control="no-cache" Content-Type="application/octet-stream" Content-Length="240005" x-ms-client-request-id="b6f53f6e-0896-11f1-9c22-40bc6827aeb0" x-ms-artifact-checksum="4a251a7ee7cdb1677809e25dcd81b142ad7a369fd3256d262b84864f69265ca7" X-ARR-LOG-ID="b6f53f6e-0896-11f1-9c22-40bc6827aeb0" CLIENT-IP="106.221.226.175:46100" X-SITE-DEPLOYMENT-ID="cybervantage-260213101228" WAS-DEFAULT-HOSTNAME="cybervantage-260213101228.scm.azurewebsites.net" X-Forwarded-Proto="https" X-AppService-Proto="https" X-Forwarded-TlsVersion="1.3" X-WAWS-Unencoded-URL="/api/zipdeploy?isAsync=true" X-Client-IP="106.221.226.175" X-Client-Port="46100" >
  <step title="ZipPushDeploy" date="2026-02-13T04:45:37.983" >
    <step title="ZipDeploy. Extract zip. Remote build." date="2026-02-13T04:45:38.042" /><!-- duration: 19ms -->
    <step title="None repository commit" date="2026-02-13T04:45:38.078" >
      <step title="Commit id: 6cc3d88a-fa7f-44fd-9d0c-acbf9dfca71b" date="2026-02-13T04:45:38.083" Message="N/A" AuthorName="N/A" AuthorEmail="N/A" /><!-- duration: 6ms -->
    </step><!-- duration: 18ms -->
    <step title="Starting PushDeployAsync" date="2026-02-13T04:45:38.101" /><!-- duration: 6ms -->
    <step title="Writing artifact to /tmp/zipdeploy/189ae2b1-a4cb-4b23-99b6-28d27769ad16.zip" date="2026-02-13T04:45:38.136" >
      <step title="Writing multipart request body to /tmp/zipdeploy/189ae2b1-a4cb-4b23-99b6-28d27769ad16.zip" date="2026-02-13T04:45:38.143" /><!-- duration: 13ms -->
    </step><!-- duration: 109ms -->
    <step title="Start deployment in the background" date="2026-02-13T04:45:38.266" >
      <step title="Acquiring Deployment Lock" date="2026-02-13T04:45:38.375" /><!-- duration: 41ms -->
      <step title="Acquired Deployment Lock" date="2026-02-13T04:45:39.229" /><!-- duration: 32ms -->
    </step><!-- duration: 1259ms -->
  </step><!-- duration: 1552ms -->
  <step title="Outgoing response" date="2026-02-13T04:45:39.555" type="response" statusCode="202" statusText="Accepted" /><!-- duration: 6ms -->
</step><!-- duration: 2258ms -->
