<step title="BackgroundTrace" date="2026-02-13T04:45:38.273" instance="bb4b2b" url="/api/zipdeploy" method="POST" >
  <step title="Creating temporary deployment - FetchDeploymentManager" date="2026-02-13T04:45:39.279" /><!-- duration: 11ms -->
  <step title="Creating temporary deployment" date="2026-02-13T04:45:39.339" /><!-- duration: 178ms -->
  <step title="Performing fetch based deployment" date="2026-02-13T04:45:39.616" >
    <step title="Cleaning up temp folders from previous zip deployments and extracting pushed zip file /tmp/zipdeploy/189ae2b1-a4cb-4b23-99b6-28d27769ad16.zip (0.23 MB) to /tmp/zipdeploy/extracted" date="2026-02-13T04:45:41.102" >
      <step title="ChmodRecursive Process exited with total time taken in ms: 122" date="2026-02-13T04:45:41.426" /><!-- duration: 38ms -->
    </step><!-- duration: 385ms -->
    <step title="Deployment timer started" date="2026-02-13T04:45:43.558" >
      <step title="DeploymentManager.Deploy(id:6cc3d88a-fa7f-44fd-9d0c-acbf9dfca71b)" date="2026-02-13T04:45:43.608" >
        <step title="Collecting changeset information" date="2026-02-13T04:45:43.717" /><!-- duration: 226ms -->
        <step title="Updating submodules" date="2026-02-13T04:45:43.954" /><!-- duration: 1182ms -->
        <step title="Determining deployment builder" date="2026-02-13T04:45:45.455" >
          <step title="Builder is OryxBuilder" date="2026-02-13T04:45:45.483" /><!-- duration: 7ms -->
        </step><!-- duration: 41ms -->
        <step title="PreDeployment: context.CleanOutputPath False" date="2026-02-13T04:45:45.568" >
          <step title="PreDeployment: context.OutputPath /home/site/wwwroot" date="2026-02-13T04:45:45.737" >
            <step title="Building" date="2026-02-13T04:45:45.963" >
              <step title="Executing external process" date="2026-02-13T04:45:46.577" type="process" path="bash" arguments="-c &quot;oryx build /tmp/zipdeploy/extracted -o /home/site/wwwroot --platform python --platform-version 3.12 -p virtualenv_name=antenv --log-file /tmp/build-debug.log  -i /tmp/8de6abac040465f --compress-destination-dir | tee /tmp/oryx-build.log ; exit $PIPESTATUS &quot;" /><!-- duration: 132764ms -->
              <step title="Using PythonDeploymentLogParser" date="2026-02-13T04:48:01.298" /><!-- duration: 41ms -->
              <step title="Triggering recycle (preview mode disabled)." date="2026-02-13T04:48:04.492" /><!-- duration: 50ms -->
              <step title="Modified file to trigger a restart of the app container." date="2026-02-13T04:48:04.653" /><!-- duration: 50ms -->
              <step title="Skip function trigger and logicapp sync because function is not enabled." date="2026-02-13T04:48:04.923" /><!-- duration: 40ms -->
            </step><!-- duration: 140635ms -->
          </step><!-- duration: 140872ms -->
          <step title="Cleaning up temp files" date="2026-02-13T04:48:06.622" /><!-- duration: 2083ms -->
          <step title="Cleaning up temp files" date="2026-02-13T04:48:08.765" /><!-- duration: 551ms -->
          <step title="Reloading status file with latest updates" date="2026-02-13T04:48:09.507" >
            <step title="WebHooksManager.PublishEventAsync: PostDeployment" date="2026-02-13T04:48:09.558" /><!-- duration: 824ms -->
          </step><!-- duration: 938ms -->
          <step title="Cleaning up temporary deployment - fetch deployment was successful" date="2026-02-13T04:48:10.503" /><!-- duration: 30ms -->
        </step><!-- duration: 145108ms -->
      </step><!-- duration: 147259ms -->
